INSERT INTO address (id, address, cep) VALUES (2, "Alinedo Sul", "GT");INSERT INTO address (id, address, cep) VALUES (3, "Município de Denevalde Nossa Senhora", "LS");INSERT INTO address (id, address, cep) VALUES (4, "Grande Janaínade Nossa Senhora", "MS");INSERT INTO address (id, address, cep) VALUES (5, "Grande Víctordo Norte", "CR");INSERT INTO address (id, address, cep) VALUES (6, "Município de Rafaela", "RU");INSERT INTO address (id, address, cep) VALUES (7, "Velha Pedrodo Descoberto", "PR");INSERT INTO address (id, address, cep) VALUES (8, "Gustavode Nossa Senhora", "GR");INSERT INTO address (id, address, cep) VALUES (9, "Talitado Descoberto", "GR");INSERT INTO address (id, address, cep) VALUES (10, "Município de Carla", "GF");INSERT INTO address (id, address, cep) VALUES (11, "Vila Ígor", "TT");INSERT INTO address (id, address, cep) VALUES (12, "Grande Sílvia", "CF");INSERT INTO address (id, address, cep) VALUES (13, "Nova Maria", "SX");INSERT INTO address (id, address, cep) VALUES (14, "Alexandredo Norte", "HN");INSERT INTO address (id, address, cep) VALUES (15, "Município de Frederico", "SJ");INSERT INTO address (id, address, cep) VALUES (16, "Município de Deneval", "IM");INSERT INTO address (id, address, cep) VALUES (17, "Denevalde Nossa Senhora", "BN");INSERT INTO address (id, address, cep) VALUES (18, "Nogueirado Descoberto", "KN");INSERT INTO address (id, address, cep) VALUES (19, "Município de Alexandredo Sul", "CZ");INSERT INTO address (id, address, cep) VALUES (20, "Gúbiodo Norte", "GA");INSERT INTO address (id, address, cep) VALUES (21, "Município de Estherde Nossa Senhora", "CO");INSERT INTO address (id, address, cep) VALUES (22, "Carvalhode Nossa Senhora", "DJ");INSERT INTO address (id, address, cep) VALUES (23, "Bragado Sul", "IL");INSERT INTO address (id, address, cep) VALUES (24, "Silvado Sul", "MQ");INSERT INTO address (id, address, cep) VALUES (25, "Grande Cecíliado Norte", "KP");INSERT INTO address (id, address, cep) VALUES (26, "Grande Elísio", "TN");INSERT INTO address (id, address, cep) VALUES (27, "Joãode Nossa Senhora", "BO");INSERT INTO address (id, address, cep) VALUES (28, "Vila Júlio César", "CH");INSERT INTO address (id, address, cep) VALUES (29, "Washingtondo Norte", "SG");INSERT INTO address (id, address, cep) VALUES (30, "Vila Suélen", "RW");INSERT INTO address (id, address, cep) VALUES (31, "Kléberdo Descoberto", "MD");INSERT INTO address (id, address, cep) VALUES (32, "Batistade Nossa Senhora", "MR");INSERT INTO address (id, address, cep) VALUES (33, "Grande Gustavo", "TW");INSERT INTO address (id, address, cep) VALUES (34, "Velha Kléberdo Descoberto", "JE");INSERT INTO address (id, address, cep) VALUES (35, "Município de Raul", "YE");INSERT INTO address (id, address, cep) VALUES (36, "Velha Pedro", "HR");INSERT INTO address (id, address, cep) VALUES (37, "Marcosde Nossa Senhora", "SC");INSERT INTO address (id, address, cep) VALUES (38, "Nova Héliodo Sul", "BY");INSERT INTO address (id, address, cep) VALUES (39, "Grande Nataniel", "CA");INSERT INTO address (id, address, cep) VALUES (40, "Costado Sul", "UY");INSERT INTO address (id, address, cep) VALUES (41, "Município de Suélen", "IN");INSERT INTO address (id, address, cep) VALUES (42, "Nova João", "NP");INSERT INTO address (id, address, cep) VALUES (43, "Velha Feliciano", "BV");INSERT INTO address (id, address, cep) VALUES (44, "Félixdo Descoberto", "GP");INSERT INTO address (id, address, cep) VALUES (45, "Velha Meire", "SY");INSERT INTO address (id, address, cep) VALUES (46, "Nova César", "UZ");INSERT INTO address (id, address, cep) VALUES (47, "Município de Yagodo Sul", "AL");INSERT INTO address (id, address, cep) VALUES (48, "Velha Silasdo Descoberto", "KG");INSERT INTO address (id, address, cep) VALUES (49, "Tertulianodo Sul", "IR");INSERT INTO address (id, address, cep) VALUES (50, "Souzade Nossa Senhora", "TJ");INSERT INTO address (id, address, cep) VALUES (51, "Tertulianodo Sul", "TJ");INSERT INTO address (id, address, cep) VALUES (52, "Nova Márcia", "FR");INSERT INTO address (id, address, cep) VALUES (53, "Município de Rafaeldo Norte", "RW");INSERT INTO address (id, address, cep) VALUES (54, "Carvalhodo Sul", "BL");INSERT INTO address (id, address, cep) VALUES (55, "Grande Larissado Sul", "BY");INSERT INTO address (id, address, cep) VALUES (56, "Carvalhode Nossa Senhora", "KY");INSERT INTO address (id, address, cep) VALUES (57, "Velha Isabela", "KM");INSERT INTO address (id, address, cep) VALUES (58, "Bragado Norte", "CG");INSERT INTO address (id, address, cep) VALUES (59, "Nova Larissado Descoberto", "NA");INSERT INTO address (id, address, cep) VALUES (60, "Grande Carlade Nossa Senhora", "MN");INSERT INTO address (id, address, cep) VALUES (61, "Martinsdo Descoberto", "GH");INSERT INTO address (id, address, cep) VALUES (62, "Vila Roberto", "MX");INSERT INTO address (id, address, cep) VALUES (63, "Fredericodo Sul", "EG");INSERT INTO address (id, address, cep) VALUES (64, "Costado Sul", "BB");INSERT INTO address (id, address, cep) VALUES (65, "Júlio Césardo Descoberto", "ES");INSERT INTO address (id, address, cep) VALUES (66, "Carvalhode Nossa Senhora", "ZM");INSERT INTO address (id, address, cep) VALUES (67, "Município de Yurido Norte", "RO");INSERT INTO address (id, address, cep) VALUES (68, "Nova Céliado Norte", "HR");INSERT INTO address (id, address, cep) VALUES (69, "Robertado Descoberto", "BD");INSERT INTO address (id, address, cep) VALUES (70, "Nova Cecília", "NI");INSERT INTO address (id, address, cep) VALUES (71, "Karlade Nossa Senhora", "VG");INSERT INTO address (id, address, cep) VALUES (72, "Município de Yango", "JP");INSERT INTO address (id, address, cep) VALUES (73, "Moreirado Norte", "VG");INSERT INTO address (id, address, cep) VALUES (74, "Nova Júliodo Descoberto", "OM");INSERT INTO address (id, address, cep) VALUES (75, "Barrosde Nossa Senhora", "BZ");INSERT INTO address (id, address, cep) VALUES (76, "Suélendo Norte", "GL");INSERT INTO address (id, address, cep) VALUES (77, "Francodo Norte", "IE");INSERT INTO address (id, address, cep) VALUES (78, "Município de Héliodo Sul", "LI");INSERT INTO address (id, address, cep) VALUES (79, "Município de Tertulianodo Sul", "SX");INSERT INTO address (id, address, cep) VALUES (80, "Natanieldo Norte", "BT");INSERT INTO address (id, address, cep) VALUES (81, "Macedodo Sul", "WF");INSERT INTO address (id, address, cep) VALUES (82, "Nova Heitordo Descoberto", "BJ");INSERT INTO address (id, address, cep) VALUES (83, "Velha Rafaelado Sul", "GU");INSERT INTO address (id, address, cep) VALUES (84, "Município de Rauldo Descoberto", "GE");INSERT INTO address (id, address, cep) VALUES (85, "Vila Natanieldo Sul", "MF");INSERT INTO address (id, address, cep) VALUES (86, "Vila Fábio", "NU");INSERT INTO address (id, address, cep) VALUES (87, "Larissado Norte", "LT");INSERT INTO address (id, address, cep) VALUES (88, "Saraivado Sul", "ZA");INSERT INTO address (id, address, cep) VALUES (89, "Vila Guilherme", "FI");INSERT INTO address (id, address, cep) VALUES (90, "Vila Heitorde Nossa Senhora", "NC");INSERT INTO address (id, address, cep) VALUES (91, "Barrosdo Descoberto", "KG");INSERT INTO address (id, address, cep) VALUES (92, "Nogueirado Norte", "US");INSERT INTO address (id, address, cep) VALUES (93, "Souzado Norte", "ZM");INSERT INTO address (id, address, cep) VALUES (94, "Bragade Nossa Senhora", "MY");INSERT INTO address (id, address, cep) VALUES (95, "Grande Marlide Nossa Senhora", "ES");INSERT INTO address (id, address, cep) VALUES (96, "Velha Natanieldo Descoberto", "BQ");INSERT INTO address (id, address, cep) VALUES (97, "Velha Vicentedo Sul", "SO");INSERT INTO address (id, address, cep) VALUES (98, "Bragado Sul", "PM");INSERT INTO address (id, address, cep) VALUES (99, "Município de Robertado Norte", "AI");INSERT INTO address (id, address, cep) VALUES (100, "Barrosdo Norte", "BJ");INSERT INTO cards (id, number, flag, ccv, due) VALUES (1, "(23) 4646-1137", "Costa - Oliveira", 293, "Mon Feb 24 2020 13:02:04 GMT-0300 (Brasilia Standard Time)");INSERT INTO cards (id, number, flag, ccv, due) VALUES (2, "(82) 7414-2893", "Braga S.A.", 690, "Mon Feb 24 2020 13:02:04 GMT-0300 (Brasilia Standard Time)");INSERT INTO cards (id, number, flag, ccv, due) VALUES (3, "(88) 30978-9556", "Santos - Martins", 547, "Mon Feb 24 2020 13:02:04 GMT-0300 (Brasilia Standard Time)");INSERT INTO cards (id, number, flag, ccv, due) VALUES (4, "(82) 8397-8914", "Batista, Souza and Reis", 736, "Mon Feb 24 2020 13:02:04 GMT-0300 (Brasilia Standard Time)");INSERT INTO cards (id, number, flag, ccv, due) VALUES (5, "+55 (57) 1920-2034", "Oliveira - Silva", 160, "Mon Feb 24 2020 13:02:04 GMT-0300 (Brasilia Standard Time)");INSERT INTO cards (id, number, flag, ccv, due) VALUES (6, "(90) 47035-9136", "Xavier - Barros", 832, "Mon Feb 24 2020 13:02:04 GMT-0300 (Brasilia Standard Time)");INSERT INTO cards (id, number, flag, ccv, due) VALUES (7, "(83) 3574-1208", "Albuquerque Comércio", 618, "Mon Feb 24 2020 13:02:04 GMT-0300 (Brasilia Standard Time)");INSERT INTO cards (id, number, flag, ccv, due) VALUES (8, "(19) 06356-4491", "Souza - Albuquerque", 981, "Mon Feb 24 2020 13:02:04 GMT-0300 (Brasilia Standard Time)");INSERT INTO cards (id, number, flag, ccv, due) VALUES (9, "(45) 14370-3677", "Moreira e Associados", 648, "Mon Feb 24 2020 13:02:04 GMT-0300 (Brasilia Standard Time)");INSERT INTO cards (id, number, flag, ccv, due) VALUES (10, "(09) 06840-2373", "Costa Comércio", 632, "Mon Feb 24 2020 13:02:04 GMT-0300 (Brasilia Standard Time)");INSERT INTO cards (id, number, flag, ccv, due) VALUES (11, "+55 (63) 1419-0619", "Silva - Barros", 270, "Mon Feb 24 2020 13:02:04 GMT-0300 (Brasilia Standard Time)");INSERT INTO cards (id, number, flag, ccv, due) VALUES (12, "(20) 2938-7858", "Macedo, Souza and Costa", 109, "Mon Feb 24 2020 13:02:04 GMT-0300 (Brasilia Standard Time)");INSERT INTO cards (id, number, flag, ccv, due) VALUES (13, "+55 (45) 3386-3865", "Costa e Associados", 360, "Mon Feb 24 2020 13:02:04 GMT-0300 (Brasilia Standard Time)");INSERT INTO cards (id, number, flag, ccv, due) VALUES (14, "(95) 42128-3412", "Franco - Souza", 754, "Mon Feb 24 2020 13:02:04 GMT-0300 (Brasilia Standard Time)");INSERT INTO cards (id, number, flag, ccv, due) VALUES (15, "(00) 8074-6334", "Braga e Associados", 180, "Mon Feb 24 2020 13:02:04 GMT-0300 (Brasilia Standard Time)");INSERT INTO cards (id, number, flag, ccv, due) VALUES (16, "(46) 62827-9120", "Nogueira, Xavier and Costa", 743, "Mon Feb 24 2020 13:02:04 GMT-0300 (Brasilia Standard Time)");INSERT INTO cards (id, number, flag, ccv, due) VALUES (17, "(45) 2968-6435", "Pereira Comércio", 799, "Mon Feb 24 2020 13:02:04 GMT-0300 (Brasilia Standard Time)");INSERT INTO cards (id, number, flag, ccv, due) VALUES (18, "(36) 9958-0596", "Braga e Associados", 268, "Mon Feb 24 2020 13:02:04 GMT-0300 (Brasilia Standard Time)");INSERT INTO cards (id, number, flag, ccv, due) VALUES (19, "+55 (51) 3789-2157", "Nogueira - Albuquerque", 724, "Mon Feb 24 2020 13:02:04 GMT-0300 (Brasilia Standard Time)");INSERT INTO cards (id, number, flag, ccv, due) VALUES (20, "+55 (92) 1674-6706", "Reis, Braga and Batista", 223, "Mon Feb 24 2020 13:02:04 GMT-0300 (Brasilia Standard Time)");INSERT INTO cards (id, number, flag, ccv, due) VALUES (21, "+55 (91) 9593-3495", "Silva S.A.", 655, "Mon Feb 24 2020 13:02:04 GMT-0300 (Brasilia Standard Time)");INSERT INTO cards (id, number, flag, ccv, due) VALUES (22, "(18) 7270-3469", "Reis S.A.", 638, "Mon Feb 24 2020 13:02:04 GMT-0300 (Brasilia Standard Time)");INSERT INTO cards (id, number, flag, ccv, due) VALUES (23, "(60) 30567-0485", "Carvalho, Moraes and Santos", 376, "Mon Feb 24 2020 13:02:04 GMT-0300 (Brasilia Standard Time)");INSERT INTO cards (id, number, flag, ccv, due) VALUES (24, "(40) 8406-3089", "Pereira, Braga and Carvalho", 956, "Mon Feb 24 2020 13:02:04 GMT-0300 (Brasilia Standard Time)");INSERT INTO cards (id, number, flag, ccv, due) VALUES (25, "+55 (01) 5941-3931", "Moreira S.A.", 620, "Mon Feb 24 2020 13:02:04 GMT-0300 (Brasilia Standard Time)");INSERT INTO cards (id, number, flag, ccv, due) VALUES (26, "(05) 50256-1274", "Barros Comércio", 454, "Mon Feb 24 2020 13:02:04 GMT-0300 (Brasilia Standard Time)");INSERT INTO cards (id, number, flag, ccv, due) VALUES (27, "(19) 6085-3304", "Albuquerque - Pereira", 882, "Mon Feb 24 2020 13:02:04 GMT-0300 (Brasilia Standard Time)");INSERT INTO cards (id, number, flag, ccv, due) VALUES (28, "(72) 5374-8706", "Macedo S.A.", 418, "Mon Feb 24 2020 13:02:04 GMT-0300 (Brasilia Standard Time)");INSERT INTO cards (id, number, flag, ccv, due) VALUES (29, "(99) 27275-8998", "Franco, Oliveira and Moraes", 265, "Mon Feb 24 2020 13:02:04 GMT-0300 (Brasilia Standard Time)");INSERT INTO cards (id, number, flag, ccv, due) VALUES (30, "(61) 47876-0073", "Franco - Franco", 155, "Mon Feb 24 2020 13:02:04 GMT-0300 (Brasilia Standard Time)");INSERT INTO cards (id, number, flag, ccv, due) VALUES (31, "+55 (31) 9063-4566", "Franco, Nogueira and Reis", 748, "Mon Feb 24 2020 13:02:04 GMT-0300 (Brasilia Standard Time)");INSERT INTO cards (id, number, flag, ccv, due) VALUES (32, "(68) 6020-3213", "Moreira - Santos", 713, "Mon Feb 24 2020 13:02:04 GMT-0300 (Brasilia Standard Time)");INSERT INTO cards (id, number, flag, ccv, due) VALUES (33, "(15) 18553-3173", "Braga Comércio", 382, "Mon Feb 24 2020 13:02:04 GMT-0300 (Brasilia Standard Time)");INSERT INTO cards (id, number, flag, ccv, due) VALUES (34, "(93) 0355-9925", "Saraiva Comércio", 482, "Mon Feb 24 2020 13:02:04 GMT-0300 (Brasilia Standard Time)");INSERT INTO cards (id, number, flag, ccv, due) VALUES (35, "(26) 0440-8401", "Santos e Associados", 833, "Mon Feb 24 2020 13:02:04 GMT-0300 (Brasilia Standard Time)");INSERT INTO cards (id, number, flag, ccv, due) VALUES (36, "(25) 53363-0738", "Souza S.A.", 723, "Mon Feb 24 2020 13:02:04 GMT-0300 (Brasilia Standard Time)");INSERT INTO cards (id, number, flag, ccv, due) VALUES (37, "(93) 46837-9251", "Barros LTDA", 644, "Mon Feb 24 2020 13:02:04 GMT-0300 (Brasilia Standard Time)");INSERT INTO cards (id, number, flag, ccv, due) VALUES (38, "(53) 1492-9339", "Moraes S.A.", 468, "Mon Feb 24 2020 13:02:04 GMT-0300 (Brasilia Standard Time)");INSERT INTO cards (id, number, flag, ccv, due) VALUES (39, "(13) 94665-5507", "Macedo S.A.", 955, "Mon Feb 24 2020 13:02:04 GMT-0300 (Brasilia Standard Time)");INSERT INTO cards (id, number, flag, ccv, due) VALUES (40, "(13) 6276-3436", "Santos - Braga", 417, "Mon Feb 24 2020 13:02:04 GMT-0300 (Brasilia Standard Time)");INSERT INTO cards (id, number, flag, ccv, due) VALUES (41, "(28) 55115-4231", "Moreira - Oliveira", 976, "Mon Feb 24 2020 13:02:04 GMT-0300 (Brasilia Standard Time)");INSERT INTO cards (id, number, flag, ccv, due) VALUES (42, "(13) 46994-4299", "Macedo - Xavier", 958, "Mon Feb 24 2020 13:02:04 GMT-0300 (Brasilia Standard Time)");INSERT INTO cards (id, number, flag, ccv, due) VALUES (43, "+55 (96) 2435-9141", "Barros e Associados", 426, "Mon Feb 24 2020 13:02:04 GMT-0300 (Brasilia Standard Time)");INSERT INTO cards (id, number, flag, ccv, due) VALUES (44, "+55 (78) 4292-1732", "Martins - Pereira", 424, "Mon Feb 24 2020 13:02:04 GMT-0300 (Brasilia Standard Time)");INSERT INTO cards (id, number, flag, ccv, due) VALUES (45, "(49) 0482-6375", "Carvalho - Braga", 710, "Mon Feb 24 2020 13:02:04 GMT-0300 (Brasilia Standard Time)");INSERT INTO cards (id, number, flag, ccv, due) VALUES (46, "(94) 0730-6750", "Silva - Macedo", 116, "Mon Feb 24 2020 13:02:04 GMT-0300 (Brasilia Standard Time)");INSERT INTO cards (id, number, flag, ccv, due) VALUES (47, "(22) 2828-6155", "Carvalho, Reis and Nogueira", 743, "Mon Feb 24 2020 13:02:04 GMT-0300 (Brasilia Standard Time)");INSERT INTO cards (id, number, flag, ccv, due) VALUES (48, "+55 (12) 4809-7981", "Macedo Comércio", 529, "Mon Feb 24 2020 13:02:04 GMT-0300 (Brasilia Standard Time)");INSERT INTO cards (id, number, flag, ccv, due) VALUES (49, "(98) 8244-8718", "Braga LTDA", 969, "Mon Feb 24 2020 13:02:04 GMT-0300 (Brasilia Standard Time)");INSERT INTO cards (id, number, flag, ccv, due) VALUES (50, "+55 (25) 6250-4898", "Albuquerque e Associados", 601, "Mon Feb 24 2020 13:02:04 GMT-0300 (Brasilia Standard Time)");INSERT INTO cards (id, number, flag, ccv, due) VALUES (51, "(88) 74554-0770", "Souza, Macedo and Albuquerque", 769, "Mon Feb 24 2020 13:02:04 GMT-0300 (Brasilia Standard Time)");INSERT INTO cards (id, number, flag, ccv, due) VALUES (52, "(15) 32314-5588", "Moraes - Barros", 808, "Mon Feb 24 2020 13:02:04 GMT-0300 (Brasilia Standard Time)");INSERT INTO cards (id, number, flag, ccv, due) VALUES (53, "(01) 53679-3645", "Moraes, Moreira and Carvalho", 162, "Mon Feb 24 2020 13:02:04 GMT-0300 (Brasilia Standard Time)");INSERT INTO cards (id, number, flag, ccv, due) VALUES (54, "+55 (53) 4285-6594", "Silva e Associados", 635, "Mon Feb 24 2020 13:02:04 GMT-0300 (Brasilia Standard Time)");INSERT INTO cards (id, number, flag, ccv, due) VALUES (55, "+55 (03) 9023-7054", "Carvalho S.A.", 344, "Mon Feb 24 2020 13:02:04 GMT-0300 (Brasilia Standard Time)");INSERT INTO cards (id, number, flag, ccv, due) VALUES (56, "(60) 51597-4037", "Moraes - Moraes", 919, "Mon Feb 24 2020 13:02:04 GMT-0300 (Brasilia Standard Time)");INSERT INTO cards (id, number, flag, ccv, due) VALUES (57, "+55 (01) 5056-2653", "Oliveira - Santos", 987, "Mon Feb 24 2020 13:02:04 GMT-0300 (Brasilia Standard Time)");INSERT INTO cards (id, number, flag, ccv, due) VALUES (58, "(98) 88965-2109", "Souza - Nogueira", 501, "Mon Feb 24 2020 13:02:04 GMT-0300 (Brasilia Standard Time)");INSERT INTO cards (id, number, flag, ccv, due) VALUES (59, "+55 (74) 4678-4087", "Macedo - Pereira", 164, "Mon Feb 24 2020 13:02:04 GMT-0300 (Brasilia Standard Time)");INSERT INTO cards (id, number, flag, ccv, due) VALUES (60, "(14) 76267-2522", "Braga - Santos", 251, "Mon Feb 24 2020 13:02:04 GMT-0300 (Brasilia Standard Time)");INSERT INTO cards (id, number, flag, ccv, due) VALUES (61, "(04) 4390-0777", "Martins - Moraes", 736, "Mon Feb 24 2020 13:02:04 GMT-0300 (Brasilia Standard Time)");INSERT INTO cards (id, number, flag, ccv, due) VALUES (62, "+55 (10) 6260-1179", "Pereira, Saraiva and Xavier", 369, "Mon Feb 24 2020 13:02:04 GMT-0300 (Brasilia Standard Time)");INSERT INTO cards (id, number, flag, ccv, due) VALUES (63, "(51) 98370-1335", "Braga, Moreira and Reis", 243, "Mon Feb 24 2020 13:02:04 GMT-0300 (Brasilia Standard Time)");INSERT INTO cards (id, number, flag, ccv, due) VALUES (64, "(39) 21490-1708", "Nogueira, Macedo and Nogueira", 835, "Mon Feb 24 2020 13:02:04 GMT-0300 (Brasilia Standard Time)");INSERT INTO cards (id, number, flag, ccv, due) VALUES (65, "+55 (89) 6043-0271", "Batista - Moraes", 516, "Mon Feb 24 2020 13:02:04 GMT-0300 (Brasilia Standard Time)");INSERT INTO cards (id, number, flag, ccv, due) VALUES (66, "(90) 7062-6842", "Batista - Moraes", 744, "Mon Feb 24 2020 13:02:04 GMT-0300 (Brasilia Standard Time)");INSERT INTO cards (id, number, flag, ccv, due) VALUES (67, "(83) 4946-2126", "Batista - Costa", 739, "Mon Feb 24 2020 13:02:04 GMT-0300 (Brasilia Standard Time)");INSERT INTO cards (id, number, flag, ccv, due) VALUES (68, "(38) 7601-3019", "Pereira, Moraes and Melo", 333, "Mon Feb 24 2020 13:02:04 GMT-0300 (Brasilia Standard Time)");INSERT INTO cards (id, number, flag, ccv, due) VALUES (69, "(60) 63155-7614", "Pereira, Barros and Reis", 469, "Mon Feb 24 2020 13:02:04 GMT-0300 (Brasilia Standard Time)");INSERT INTO cards (id, number, flag, ccv, due) VALUES (70, "+55 (62) 6436-6863", "Reis - Batista", 266, "Mon Feb 24 2020 13:02:04 GMT-0300 (Brasilia Standard Time)");INSERT INTO cards (id, number, flag, ccv, due) VALUES (71, "(37) 4741-7633", "Xavier, Batista and Costa", 488, "Mon Feb 24 2020 13:02:04 GMT-0300 (Brasilia Standard Time)");INSERT INTO cards (id, number, flag, ccv, due) VALUES (72, "+55 (49) 5685-4685", "Saraiva - Albuquerque", 255, "Mon Feb 24 2020 13:02:04 GMT-0300 (Brasilia Standard Time)");INSERT INTO cards (id, number, flag, ccv, due) VALUES (73, "+55 (40) 6132-8679", "Macedo S.A.", 839, "Mon Feb 24 2020 13:02:04 GMT-0300 (Brasilia Standard Time)");INSERT INTO cards (id, number, flag, ccv, due) VALUES (74, "(19) 33776-5359", "Melo, Silva and Moreira", 914, "Mon Feb 24 2020 13:02:04 GMT-0300 (Brasilia Standard Time)");INSERT INTO cards (id, number, flag, ccv, due) VALUES (75, "(89) 58213-7442", "Oliveira - Costa", 822, "Mon Feb 24 2020 13:02:04 GMT-0300 (Brasilia Standard Time)");INSERT INTO cards (id, number, flag, ccv, due) VALUES (76, "(28) 20560-6360", "Moraes LTDA", 655, "Mon Feb 24 2020 13:02:04 GMT-0300 (Brasilia Standard Time)");INSERT INTO cards (id, number, flag, ccv, due) VALUES (77, "(56) 9256-5766", "Melo S.A.", 848, "Mon Feb 24 2020 13:02:04 GMT-0300 (Brasilia Standard Time)");INSERT INTO cards (id, number, flag, ccv, due) VALUES (78, "(78) 8092-4938", "Macedo, Melo and Nogueira", 145, "Mon Feb 24 2020 13:02:04 GMT-0300 (Brasilia Standard Time)");INSERT INTO cards (id, number, flag, ccv, due) VALUES (79, "(66) 3529-8066", "Carvalho - Pereira", 457, "Mon Feb 24 2020 13:02:04 GMT-0300 (Brasilia Standard Time)");INSERT INTO cards (id, number, flag, ccv, due) VALUES (80, "(19) 0116-3441", "Albuquerque e Associados", 724, "Mon Feb 24 2020 13:02:04 GMT-0300 (Brasilia Standard Time)");INSERT INTO cards (id, number, flag, ccv, due) VALUES (81, "(19) 0983-3379", "Braga - Macedo", 569, "Mon Feb 24 2020 13:02:04 GMT-0300 (Brasilia Standard Time)");INSERT INTO cards (id, number, flag, ccv, due) VALUES (82, "(18) 2438-9419", "Oliveira, Barros and Carvalho", 775, "Mon Feb 24 2020 13:02:04 GMT-0300 (Brasilia Standard Time)");INSERT INTO cards (id, number, flag, ccv, due) VALUES (83, "(52) 78174-6675", "Reis, Moraes and Oliveira", 865, "Mon Feb 24 2020 13:02:04 GMT-0300 (Brasilia Standard Time)");INSERT INTO cards (id, number, flag, ccv, due) VALUES (84, "+55 (15) 2248-5402", "Macedo - Martins", 919, "Mon Feb 24 2020 13:02:04 GMT-0300 (Brasilia Standard Time)");INSERT INTO cards (id, number, flag, ccv, due) VALUES (85, "(95) 34721-2144", "Moreira S.A.", 632, "Mon Feb 24 2020 13:02:04 GMT-0300 (Brasilia Standard Time)");INSERT INTO cards (id, number, flag, ccv, due) VALUES (86, "(52) 24050-6548", "Reis, Silva and Saraiva", 296, "Mon Feb 24 2020 13:02:04 GMT-0300 (Brasilia Standard Time)");INSERT INTO cards (id, number, flag, ccv, due) VALUES (87, "(90) 1439-0832", "Souza, Pereira and Silva", 415, "Mon Feb 24 2020 13:02:04 GMT-0300 (Brasilia Standard Time)");INSERT INTO cards (id, number, flag, ccv, due) VALUES (88, "(92) 5492-4954", "Silva LTDA", 428, "Mon Feb 24 2020 13:02:04 GMT-0300 (Brasilia Standard Time)");INSERT INTO cards (id, number, flag, ccv, due) VALUES (89, "(67) 7311-8899", "Batista - Costa", 996, "Mon Feb 24 2020 13:02:04 GMT-0300 (Brasilia Standard Time)");INSERT INTO cards (id, number, flag, ccv, due) VALUES (90, "(68) 3373-2362", "Souza - Nogueira", 445, "Mon Feb 24 2020 13:02:04 GMT-0300 (Brasilia Standard Time)");INSERT INTO cards (id, number, flag, ccv, due) VALUES (91, "(72) 67239-5878", "Oliveira, Melo and Albuquerque", 476, "Mon Feb 24 2020 13:02:04 GMT-0300 (Brasilia Standard Time)");INSERT INTO cards (id, number, flag, ccv, due) VALUES (92, "(26) 1643-0209", "Nogueira, Carvalho and Costa", 807, "Mon Feb 24 2020 13:02:04 GMT-0300 (Brasilia Standard Time)");INSERT INTO cards (id, number, flag, ccv, due) VALUES (93, "(75) 7492-0365", "Melo Comércio", 988, "Mon Feb 24 2020 13:02:04 GMT-0300 (Brasilia Standard Time)");INSERT INTO cards (id, number, flag, ccv, due) VALUES (94, "(21) 77651-1194", "Oliveira S.A.", 129, "Mon Feb 24 2020 13:02:04 GMT-0300 (Brasilia Standard Time)");INSERT INTO cards (id, number, flag, ccv, due) VALUES (95, "+55 (26) 0718-6212", "Carvalho - Macedo", 378, "Mon Feb 24 2020 13:02:04 GMT-0300 (Brasilia Standard Time)");INSERT INTO cards (id, number, flag, ccv, due) VALUES (96, "(24) 56443-3026", "Barros, Carvalho and Nogueira", 903, "Mon Feb 24 2020 13:02:04 GMT-0300 (Brasilia Standard Time)");INSERT INTO cards (id, number, flag, ccv, due) VALUES (97, "+55 (57) 0642-6809", "Pereira - Pereira", 572, "Mon Feb 24 2020 13:02:04 GMT-0300 (Brasilia Standard Time)");INSERT INTO cards (id, number, flag, ccv, due) VALUES (98, "(53) 6925-6924", "Reis - Santos", 428, "Mon Feb 24 2020 13:02:04 GMT-0300 (Brasilia Standard Time)");INSERT INTO cards (id, number, flag, ccv, due) VALUES (99, "(13) 9009-0879", "Albuquerque - Melo", 429, "Mon Feb 24 2020 13:02:04 GMT-0300 (Brasilia Standard Time)");INSERT INTO cards (id, number, flag, ccv, due) VALUES (100, "(00) 36217-1186", "Melo - Pereira", 631, "Mon Feb 24 2020 13:02:04 GMT-0300 (Brasilia Standard Time)");INSERT INTO participants (id, name, telephone, email, address_id, card_id, job_id) VALUES (1, "Tertuliano Melo", "(26) 67656-3595", "Paula_Moreira@bol.com.br", 27, 63, 15);INSERT INTO participants (id, name, telephone, email, address_id, card_id, job_id) VALUES (2, "Alessandra Martins", "+55 (82) 7063-2059", "Elsio.Moraes81@bol.com.br", 65, 79, 4);INSERT INTO participants (id, name, telephone, email, address_id, card_id, job_id) VALUES (3, "Ofélia Pereira", "(83) 6642-6024", "Flix.Martins49@yahoo.com", 39, 82, 67);INSERT INTO participants (id, name, telephone, email, address_id, card_id, job_id) VALUES (4, "Dalila Reis", "(38) 3736-6259", "Yuri29@yahoo.com", 71, 91, 3);INSERT INTO participants (id, name, telephone, email, address_id, card_id, job_id) VALUES (5, "Célia Xavier", "+55 (85) 4881-6380", "Gbio_Melo88@hotmail.com", 51, 28, 100);INSERT INTO participants (id, name, telephone, email, address_id, card_id, job_id) VALUES (6, "Washington Braga", "(77) 1514-8202", "Mrcia_Costa@live.com", 87, 59, 7);INSERT INTO participants (id, name, telephone, email, address_id, card_id, job_id) VALUES (7, "João Saraiva Jr.", "(06) 1364-2053", "Csar_Souza69@gmail.com", 93, 15, 13);INSERT INTO participants (id, name, telephone, email, address_id, card_id, job_id) VALUES (8, "Célia Pereira", "(66) 68748-1120", "Carla.Martins4@live.com", 22, 31, 91);INSERT INTO participants (id, name, telephone, email, address_id, card_id, job_id) VALUES (9, "Sr. César Melo", "(07) 4938-7272", "Marcela_Macedo@live.com", 5, 39, 36);INSERT INTO participants (id, name, telephone, email, address_id, card_id, job_id) VALUES (10, "Júlio Nogueira", "(80) 8505-8262", "Isabela.Pereira@bol.com.br", 23, 77, 21);INSERT INTO participants (id, name, telephone, email, address_id, card_id, job_id) VALUES (11, "Natália Melo", "(77) 09567-9753", "Marli_Martins@hotmail.com", 6, 60, 95);INSERT INTO participants (id, name, telephone, email, address_id, card_id, job_id) VALUES (12, "Maria Costa", "(18) 2699-9720", "Slvia_Reis@bol.com.br", 93, 67, 92);INSERT INTO participants (id, name, telephone, email, address_id, card_id, job_id) VALUES (13, "Yango Braga", "+55 (55) 3781-1352", "Isabel20@hotmail.com", 20, 52, 6);INSERT INTO participants (id, name, telephone, email, address_id, card_id, job_id) VALUES (14, "Ígor Saraiva", "+55 (68) 2865-5700", "JlioCsar63@live.com", 15, 57, 49);INSERT INTO participants (id, name, telephone, email, address_id, card_id, job_id) VALUES (15, "Roberta Batista", "(71) 2129-7995", "Lorena.Martins58@gmail.com", 66, 64, 13);INSERT INTO participants (id, name, telephone, email, address_id, card_id, job_id) VALUES (16, "Célia Batista", "+55 (75) 2690-8935", "Sara.Carvalho43@bol.com.br", 12, 78, 91);INSERT INTO participants (id, name, telephone, email, address_id, card_id, job_id) VALUES (17, "Hugo Souza", "(82) 74929-5514", "Paula91@bol.com.br", 55, 65, 63);INSERT INTO participants (id, name, telephone, email, address_id, card_id, job_id) VALUES (18, "Roberto Melo", "(48) 3797-5552", "Fabrcia79@live.com", 70, 81, 15);INSERT INTO participants (id, name, telephone, email, address_id, card_id, job_id) VALUES (19, "Gúbio Souza", "(14) 93098-8501", "Sulen.Moreira@hotmail.com", 64, 15, 43);INSERT INTO participants (id, name, telephone, email, address_id, card_id, job_id) VALUES (20, "Dalila Albuquerque", "+55 (64) 8796-0176", "Dalila47@gmail.com", 56, 6, 23);INSERT INTO participants (id, name, telephone, email, address_id, card_id, job_id) VALUES (21, "Júlio Pereira", "(74) 5856-7989", "Oflia.Moraes2@live.com", 81, 43, 30);INSERT INTO participants (id, name, telephone, email, address_id, card_id, job_id) VALUES (22, "Víctor Costa", "+55 (60) 9683-4852", "Maria_Carvalho@bol.com.br", 60, 40, 52);INSERT INTO participants (id, name, telephone, email, address_id, card_id, job_id) VALUES (23, "Ofélia Pereira", "(29) 2444-8296", "Nataniel.Reis1@gmail.com", 50, 73, 5);INSERT INTO participants (id, name, telephone, email, address_id, card_id, job_id) VALUES (24, "Fabrícia Carvalho", "(15) 49101-3985", "Marcela_Moraes@yahoo.com", 26, 1, 54);INSERT INTO participants (id, name, telephone, email, address_id, card_id, job_id) VALUES (25, "Félix Melo", "(26) 06423-2117", "Talita49@live.com", 78, 1, 25);INSERT INTO participants (id, name, telephone, email, address_id, card_id, job_id) VALUES (26, "Marli Albuquerque", "(50) 0369-2071", "Ceclia22@gmail.com", 7, 50, 54);INSERT INTO participants (id, name, telephone, email, address_id, card_id, job_id) VALUES (27, "Sara Macedo Neto", "(75) 6522-0754", "Raul57@gmail.com", 77, 44, 65);INSERT INTO participants (id, name, telephone, email, address_id, card_id, job_id) VALUES (28, "Ricardo Carvalho", "(01) 65125-0842", "Isabel_Saraiva@hotmail.com", 5, 27, 73);INSERT INTO participants (id, name, telephone, email, address_id, card_id, job_id) VALUES (29, "César Santos Neto", "+55 (69) 6280-9553", "Janana.Xavier40@live.com", 87, 64, 46);INSERT INTO participants (id, name, telephone, email, address_id, card_id, job_id) VALUES (30, "Dr. Isabel Moraes", "+55 (51) 8580-6758", "Marli96@live.com", 70, 63, 43);INSERT INTO participants (id, name, telephone, email, address_id, card_id, job_id) VALUES (31, "Fabrício Batista", "(44) 73815-4329", "Rafaela19@gmail.com", 56, 54, 32);INSERT INTO participants (id, name, telephone, email, address_id, card_id, job_id) VALUES (32, "Fabrícia Carvalho", "(65) 5283-7372", "Bruna_Santos@gmail.com", 55, 16, 79);INSERT INTO participants (id, name, telephone, email, address_id, card_id, job_id) VALUES (33, "Mércia Nogueira", "+55 (40) 0648-8807", "Fabrcia.Carvalho65@live.com", 81, 79, 62);INSERT INTO participants (id, name, telephone, email, address_id, card_id, job_id) VALUES (34, "Sirineu Reis", "(84) 9622-5419", "Raul_Albuquerque85@yahoo.com", 77, 59, 23);INSERT INTO participants (id, name, telephone, email, address_id, card_id, job_id) VALUES (35, "Tertuliano Santos", "+55 (74) 3556-7475", "Joo.Silva@hotmail.com", 59, 67, 15);INSERT INTO participants (id, name, telephone, email, address_id, card_id, job_id) VALUES (36, "Margarida Carvalho", "(79) 20057-9697", "Alessandra36@yahoo.com", 9, 51, 37);INSERT INTO participants (id, name, telephone, email, address_id, card_id, job_id) VALUES (37, "Carla Xavier", "+55 (60) 4003-9065", "Silas_Saraiva82@hotmail.com", 87, 10, 83);INSERT INTO participants (id, name, telephone, email, address_id, card_id, job_id) VALUES (38, "Vicente Melo", "(26) 05162-0296", "Gbio47@hotmail.com", 39, 32, 81);INSERT INTO participants (id, name, telephone, email, address_id, card_id, job_id) VALUES (39, "Ladislau Martins", "(82) 50248-1392", "Esther.Moraes@gmail.com", 41, 66, 84);INSERT INTO participants (id, name, telephone, email, address_id, card_id, job_id) VALUES (40, "Gúbio Franco Jr.", "(66) 77931-7358", "Ladislau_Barros@gmail.com", 89, 36, 59);INSERT INTO participants (id, name, telephone, email, address_id, card_id, job_id) VALUES (41, "Vitória Xavier", "(63) 51797-7404", "Klber_Batista@gmail.com", 94, 90, 49);INSERT INTO participants (id, name, telephone, email, address_id, card_id, job_id) VALUES (42, "Sara Carvalho", "(79) 8742-6751", "Yango28@live.com", 48, 42, 57);INSERT INTO participants (id, name, telephone, email, address_id, card_id, job_id) VALUES (43, "Lorena Nogueira", "(48) 9160-4318", "Lorena_Albuquerque@live.com", 98, 79, 2);INSERT INTO participants (id, name, telephone, email, address_id, card_id, job_id) VALUES (44, "Elísio Saraiva", "(55) 4450-8917", "Csar_Silva98@yahoo.com", 75, 50, 74);INSERT INTO participants (id, name, telephone, email, address_id, card_id, job_id) VALUES (45, "Fabrícia Martins", "+55 (74) 1382-8291", "Slvia52@yahoo.com", 91, 99, 14);INSERT INTO participants (id, name, telephone, email, address_id, card_id, job_id) VALUES (46, "Dr. Sirineu Souza", "(67) 8594-6035", "Feliciano6@gmail.com", 31, 41, 59);INSERT INTO participants (id, name, telephone, email, address_id, card_id, job_id) VALUES (47, "Yuri Pereira", "(39) 75384-9146", "Natlia_Reis@gmail.com", 80, 33, 7);INSERT INTO participants (id, name, telephone, email, address_id, card_id, job_id) VALUES (48, "Deneval Moreira", "(83) 9486-6235", "Salvador.Albuquerque@bol.com.br", 35, 69, 59);INSERT INTO participants (id, name, telephone, email, address_id, card_id, job_id) VALUES (49, "Guilherme Santos", "(80) 11552-0598", "Marcos_Xavier@gmail.com", 84, 57, 70);INSERT INTO participants (id, name, telephone, email, address_id, card_id, job_id) VALUES (50, "Natália Carvalho Filho", "+55 (17) 7160-7914", "Danilo.Moraes52@live.com", 12, 60, 35);INSERT INTO participants (id, name, telephone, email, address_id, card_id, job_id) VALUES (51, "Janaína Xavier", "(93) 01855-9950", "Lorraine_Batista37@bol.com.br", 80, 26, 59);INSERT INTO participants (id, name, telephone, email, address_id, card_id, job_id) VALUES (52, "Tertuliano Saraiva", "(62) 8023-5195", "Clia95@yahoo.com", 86, 30, 96);INSERT INTO participants (id, name, telephone, email, address_id, card_id, job_id) VALUES (53, "Ricardo Oliveira", "(25) 5262-2769", "Hlio.Carvalho35@yahoo.com", 11, 15, 99);INSERT INTO participants (id, name, telephone, email, address_id, card_id, job_id) VALUES (54, "Norberto Barros", "+55 (71) 2640-2785", "Pablo79@hotmail.com", 34, 61, 34);INSERT INTO participants (id, name, telephone, email, address_id, card_id, job_id) VALUES (55, "Dr. Rafael Carvalho", "+55 (94) 7157-2063", "Esther8@yahoo.com", 76, 62, 50);INSERT INTO participants (id, name, telephone, email, address_id, card_id, job_id) VALUES (56, "Yuri Braga Jr.", "+55 (99) 0289-1078", "Marcelo.Macedo@live.com", 67, 82, 89);INSERT INTO participants (id, name, telephone, email, address_id, card_id, job_id) VALUES (57, "Heitor Carvalho", "(13) 3116-3259", "Mrcia84@gmail.com", 22, 88, 51);INSERT INTO participants (id, name, telephone, email, address_id, card_id, job_id) VALUES (58, "Rafaela Braga", "(29) 21723-7550", "Natlia_Batista@live.com", 60, 53, 52);INSERT INTO participants (id, name, telephone, email, address_id, card_id, job_id) VALUES (59, "Fábio Oliveira", "(48) 11934-0759", "Eduarda.Pereira79@live.com", 63, 41, 47);INSERT INTO participants (id, name, telephone, email, address_id, card_id, job_id) VALUES (60, "Sílvia Melo Jr.", "+55 (96) 1169-3658", "Pedro_Melo81@hotmail.com", 69, 13, 84);INSERT INTO participants (id, name, telephone, email, address_id, card_id, job_id) VALUES (61, "Maria Costa", "+55 (42) 8059-5507", "Mrcia38@gmail.com", 67, 96, 79);INSERT INTO participants (id, name, telephone, email, address_id, card_id, job_id) VALUES (62, "Hugo Nogueira", "(99) 81304-9417", "Sirineu_Saraiva77@yahoo.com", 83, 11, 90);INSERT INTO participants (id, name, telephone, email, address_id, card_id, job_id) VALUES (63, "Talita Moreira", "(17) 6952-0324", "Felcia.Moreira28@hotmail.com", 31, 100, 35);INSERT INTO participants (id, name, telephone, email, address_id, card_id, job_id) VALUES (64, "Lucas Pereira Filho", "(34) 2086-0543", "Ceclia.Franco43@bol.com.br", 22, 82, 7);INSERT INTO participants (id, name, telephone, email, address_id, card_id, job_id) VALUES (65, "Sílvia Nogueira Filho", "+55 (01) 5924-7821", "Jlio.Macedo20@live.com", 62, 65, 9);INSERT INTO participants (id, name, telephone, email, address_id, card_id, job_id) VALUES (66, "Júlio Costa", "+55 (79) 1762-7685", "Ladislau_Xavier@bol.com.br", 38, 97, 20);INSERT INTO participants (id, name, telephone, email, address_id, card_id, job_id) VALUES (67, "Gustavo Macedo Jr.", "+55 (73) 5720-6916", "Feliciano5@yahoo.com", 45, 78, 57);INSERT INTO participants (id, name, telephone, email, address_id, card_id, job_id) VALUES (68, "Srta. Guilherme Braga", "+55 (74) 1101-6180", "Meire.Silva9@hotmail.com", 99, 1, 46);INSERT INTO participants (id, name, telephone, email, address_id, card_id, job_id) VALUES (69, "Sra. Vitória Batista", "(39) 76107-8291", "Danilo_Macedo@bol.com.br", 12, 74, 16);INSERT INTO participants (id, name, telephone, email, address_id, card_id, job_id) VALUES (70, "Dr. Joana Carvalho", "(38) 6749-7617", "Deneval41@live.com", 15, 11, 5);INSERT INTO participants (id, name, telephone, email, address_id, card_id, job_id) VALUES (71, "Marcela Santos", "+55 (95) 2065-7197", "Sulen_Martins2@live.com", 74, 48, 48);INSERT INTO participants (id, name, telephone, email, address_id, card_id, job_id) VALUES (72, "Fabrícia Reis", "(63) 71892-0359", "Norberto_Silva@live.com", 34, 10, 15);INSERT INTO participants (id, name, telephone, email, address_id, card_id, job_id) VALUES (73, "Esther Saraiva", "+55 (36) 3517-2039", "Lorraine.Batista@live.com", 27, 38, 90);INSERT INTO participants (id, name, telephone, email, address_id, card_id, job_id) VALUES (74, "Karla Braga", "+55 (79) 3165-1468", "Fabrcia50@gmail.com", 93, 44, 80);INSERT INTO participants (id, name, telephone, email, address_id, card_id, job_id) VALUES (75, "Vicente Santos", "+55 (23) 3985-0468", "Isabel_Barros42@live.com", 77, 28, 64);INSERT INTO participants (id, name, telephone, email, address_id, card_id, job_id) VALUES (76, "Fabrícia Saraiva", "(31) 1533-6112", "Marli_Melo@hotmail.com", 66, 21, 21);INSERT INTO participants (id, name, telephone, email, address_id, card_id, job_id) VALUES (77, "Salvador Carvalho", "+55 (69) 5776-4252", "Carla.Costa@hotmail.com", 79, 25, 12);INSERT INTO participants (id, name, telephone, email, address_id, card_id, job_id) VALUES (78, "Alessandro Costa", "(77) 3040-9001", "Joo69@bol.com.br", 27, 37, 40);INSERT INTO participants (id, name, telephone, email, address_id, card_id, job_id) VALUES (79, "Tertuliano Costa", "(46) 07805-0740", "Esther60@bol.com.br", 57, 37, 75);INSERT INTO participants (id, name, telephone, email, address_id, card_id, job_id) VALUES (80, "Srta. Ricardo Carvalho", "(31) 8514-9652", "Joo.Pereira@yahoo.com", 72, 53, 71);INSERT INTO participants (id, name, telephone, email, address_id, card_id, job_id) VALUES (81, "Margarida Melo", "(53) 08759-8512", "Feliciano_Batista92@bol.com.br", 98, 30, 51);INSERT INTO participants (id, name, telephone, email, address_id, card_id, job_id) VALUES (82, "Víctor Nogueira", "+55 (08) 0106-4690", "Felcia54@hotmail.com", 81, 75, 11);INSERT INTO participants (id, name, telephone, email, address_id, card_id, job_id) VALUES (83, "Vicente Carvalho", "(25) 38774-9174", "Lucas.Carvalho@yahoo.com", 14, 55, 6);INSERT INTO participants (id, name, telephone, email, address_id, card_id, job_id) VALUES (84, "Raul Albuquerque", "(03) 27361-0716", "Mrcia78@live.com", 14, 48, 42);INSERT INTO participants (id, name, telephone, email, address_id, card_id, job_id) VALUES (85, "Dalila Carvalho", "+55 (32) 4696-6828", "Isabela_Melo@gmail.com", 83, 27, 87);INSERT INTO participants (id, name, telephone, email, address_id, card_id, job_id) VALUES (86, "Aline Silva", "+55 (05) 0668-5521", "Meire.Carvalho@live.com", 91, 83, 56);INSERT INTO participants (id, name, telephone, email, address_id, card_id, job_id) VALUES (87, "Heitor Moreira Jr.", "(87) 28252-9014", "Roberta.Pereira36@hotmail.com", 21, 57, 1);INSERT INTO participants (id, name, telephone, email, address_id, card_id, job_id) VALUES (88, "Gúbio Pereira", "(45) 73368-9893", "Danilo_Braga@bol.com.br", 73, 8, 12);INSERT INTO participants (id, name, telephone, email, address_id, card_id, job_id) VALUES (89, "Dalila Nogueira", "(75) 38941-9512", "Warley.Barros@live.com", 26, 87, 85);INSERT INTO participants (id, name, telephone, email, address_id, card_id, job_id) VALUES (90, "Hugo Saraiva", "(92) 3821-7877", "Alessandra_Pereira@gmail.com", 78, 82, 23);INSERT INTO participants (id, name, telephone, email, address_id, card_id, job_id) VALUES (91, "Márcia Santos", "(05) 9047-2239", "Isabela.Melo16@bol.com.br", 83, 90, 90);INSERT INTO participants (id, name, telephone, email, address_id, card_id, job_id) VALUES (92, "Félix Oliveira", "(70) 1135-1763", "Sara.Barros8@hotmail.com", 65, 92, 10);INSERT INTO participants (id, name, telephone, email, address_id, card_id, job_id) VALUES (93, "Karla Macedo", "(05) 1311-2306", "Marcos66@gmail.com", 88, 17, 70);INSERT INTO participants (id, name, telephone, email, address_id, card_id, job_id) VALUES (94, "Alessandro Melo", "(30) 32304-1783", "Marcos_Albuquerque91@live.com", 54, 84, 55);INSERT INTO participants (id, name, telephone, email, address_id, card_id, job_id) VALUES (95, "Ricardo Martins", "(57) 4159-5302", "Lorena2@hotmail.com", 33, 68, 11);INSERT INTO participants (id, name, telephone, email, address_id, card_id, job_id) VALUES (96, "Vicente Moreira", "+55 (90) 1794-5576", "Jlia.Costa@bol.com.br", 94, 27, 24);INSERT INTO participants (id, name, telephone, email, address_id, card_id, job_id) VALUES (97, "Sra. Antônio Carvalho", "+55 (25) 3197-6826", "Jlia.Oliveira@live.com", 15, 78, 75);INSERT INTO participants (id, name, telephone, email, address_id, card_id, job_id) VALUES (98, "Srta. Raul Moreira", "+55 (47) 8577-6904", "Heitor_Souza95@bol.com.br", 12, 18, 100);INSERT INTO participants (id, name, telephone, email, address_id, card_id, job_id) VALUES (99, "Joana Albuquerque", "+55 (17) 6648-9035", "Carlos.Xavier@gmail.com", 78, 12, 51);INSERT INTO participants (id, name, telephone, email, address_id, card_id, job_id) VALUES (100, "Paula Carvalho Jr.", "(00) 75988-5546", "Slvia46@bol.com.br", 71, 94, 72);